x1,x2,x3,y
-1.467354,1.784933,3.662068,1.195972
-2.263402,0.857079,2.200443,0.044372
-0.139001,0.454985,2.765519,0.749979
-0.522199,-2.229712,3.270512,1.292369
-1.680313,2.802454,4.849076,2.446989
-0.832448,-1.248201,4.922890,1.223631
-0.839481,0.490197,1.441141,-0.196492
-1.083877,1.255229,3.668767,0.842157
-0.757350,0.937660,3.749918,0.796272
1.167060,2.768336,1.732464,-0.255840
-1.276263,-2.208923,0.619349,0.593857
2.820258,0.052482,0.204735,0.152092
2.615992,-0.602970,3.886716,1.679444
-0.119943,-0.162303,2.448499,0.735239
-1.078438,-2.392527,4.927701,2.021588
0.222643,-2.299051,2.324867,0.364514
2.190070,-1.394392,4.889585,1.619681
0.958735,-1.227077,2.057880,0.986263
1.912550,-0.452997,3.968411,2.217423
0.205600,0.697355,0.424096,0.335352
0.835146,0.845900,2.777309,1.287609
-1.331058,-0.554108,4.010299,0.287727
1.475877,-0.573133,4.623508,2.224622
-1.869847,-1.774192,4.112915,1.396979
1.223953,0.554845,0.184854,0.753316
2.266465,-1.149566,1.863512,1.077799
-2.311566,-2.915022,0.243492,0.970654
0.718669,-0.512708,0.546411,0.851257
-2.544088,-0.162529,3.376528,0.365707
1.418213,-1.724151,3.566291,1.004410
-2.610706,0.455267,3.868603,0.769815
2.739091,0.413257,4.327283,1.701185
-2.278233,1.269217,3.697157,1.008363
2.883230,0.929588,4.004358,1.417674
1.890511,0.957765,0.244819,0.693641
0.588621,-1.154761,1.172676,0.639877
1.775780,1.805990,3.109489,0.738773
1.854261,0.308783,4.290627,2.023510
2.802471,-0.430912,0.022501,0.317361
-1.549538,0.791760,2.573147,0.013889
0.565964,-0.875516,3.386437,1.231456
-2.544381,0.080043,0.148036,-0.347946
0.729891,1.487266,2.006778,0.830565
-2.065338,2.427841,4.478174,2.144717
0.408097,2.645580,3.358064,0.683904
0.455094,0.022826,1.188292,0.930983
-0.213722,0.127392,4.263906,1.069997
0.142200,1.884141,1.740157,0.498642
1.658280,-1.165841,4.266723,1.563141
1.880210,2.119836,1.494718,-0.008971
-0.049303,-0.036809,2.951601,0.842270
0.625764,-2.413643,1.984700,0.027884
2.709537,-2.688832,1.374125,0.030571
-2.389284,2.148807,4.432788,1.695204
-2.405809,-2.792449,0.937968,1.091821
-2.590501,-1.378459,0.424058,0.116547
0.991884,-1.042192,1.709635,0.936188
-0.511399,-2.054636,3.588196,1.328997
1.723612,-1.169342,4.037158,1.601772
1.075879,1.524882,4.993717,1.518214
-1.045285,-3.049338,1.481810,1.197689
2.503011,2.055691,2.039710,0.318976
1.649538,2.240257,0.684106,-0.488018
-1.441771,-0.802604,2.874360,0.048216
-0.853307,-2.176414,4.987900,1.976414
-1.165908,0.633599,3.504405,0.349706
-2.151289,-2.389668,2.976064,1.324883
-2.213042,-0.848737,1.961845,0.047042
2.740270,2.880395,4.576494,1.095132
-0.390160,3.113095,2.484583,1.231480
-0.733123,1.709685,0.671835,0.396779
1.443158,-1.187764,1.826892,0.922654
0.332965,1.179134,0.335833,0.141011
2.740348,1.290606,1.009895,0.302605
1.761186,-0.704711,0.088344,0.808997
-0.129625,0.885229,2.266400,0.636010
-0.776856,-3.074189,3.172701,1.779993
3.057596,-1.828045,1.716462,0.603591
1.368228,0.157634,2.101909,1.584758
2.834940,-2.112713,4.796046,1.158695
-2.397170,-2.099169,3.759816,1.437605
2.202468,2.113062,2.704283,0.416512
0.861261,3.073313,1.422704,-0.350294
-2.375536,0.351666,4.484984,0.636837
0.554541,2.130438,1.175486,0.098396
1.169278,3.080782,1.626714,-0.481149
-3.064293,-2.251919,4.545324,1.349415
-0.287029,-0.325182,2.647710,0.557191
2.044545,-0.674986,3.711590,1.768009
-1.285797,-2.638628,2.953724,1.751343
-0.260450,1.604287,3.267196,1.016102
-0.362451,-0.416079,1.496916,0.010816
-1.244527,-0.192725,1.206860,-0.615773
2.629148,-2.194886,1.612462,0.340999
1.767423,-2.004797,0.777208,-0.295447
-2.446745,2.557907,4.371572,1.634070
3.122961,-2.861054,1.416235,0.220784
2.382584,-1.678539,2.807447,0.771140
-1.357743,-1.306530,3.959872,0.935758
2.116784,-0.061591,3.919121,2.016970
-2.472939,0.543151,2.191931,0.248286
3.135968,-0.042160,2.381287,0.452723
1.041028,-2.613080,4.973509,0.786461
0.943263,-1.610585,3.372987,1.135841
-2.573337,2.158829,4.073192,1.407712
2.494634,0.864495,4.512770,1.707057
-2.959383,0.937131,3.937949,0.998805
-1.628425,1.069419,0.925897,-0.291502
-2.242960,1.651868,2.810854,0.873997
1.738984,-2.776486,0.509471,-0.625316
-1.896239,-0.838124,3.264611,0.529372
2.580116,0.248358,4.776747,1.915530
0.981867,-1.015008,2.563660,1.398334
-2.914376,2.164425,2.164862,0.779024
-3.107476,-0.109500,0.179214,0.195227
-2.817016,1.687837,4.798873,1.467572
0.665548,2.211779,0.515013,-0.201639
1.894266,0.030106,0.205395,1.045875
-1.642721,2.573293,1.230333,1.527623
2.195401,0.547416,0.327652,0.876081
-2.781994,2.200838,2.275589,0.819282
1.891012,-1.001598,2.580439,1.382592
2.687918,-0.007433,1.562850,0.870931
1.709707,0.197361,0.254802,0.998607
1.244830,-2.481986,0.558002,-0.490360
2.123592,-0.637413,1.922522,1.263809
-2.889315,2.622210,0.302642,0.335344
-1.873758,0.822043,3.490949,0.398960
-2.356674,-2.026286,1.035103,0.655098
0.028469,-1.012500,1.510358,0.510683
1.540562,-1.937715,1.970629,0.038915
0.816889,-2.985624,2.083048,-0.028599
2.206222,2.685813,0.008304,-0.818373
-2.166361,-0.325423,0.560352,-0.760508
1.474168,-1.209293,4.313823,1.640337
-1.928677,0.618750,0.006165,-0.752744
-1.440365,-3.095635,2.540837,1.683359
1.318870,-1.394728,2.447510,0.986987
3.017216,1.275697,1.665471,0.401504
0.700849,0.840500,2.156635,1.036481
-2.799157,3.027276,3.902906,1.445975
0.730791,0.756230,4.206019,1.742675
-2.875496,-0.141335,1.301743,0.158064
2.413659,1.642629,1.612452,0.335195
1.316819,2.534184,1.212414,-0.358636
-2.053798,1.386674,2.399317,0.563955
-2.565293,2.910442,3.416292,1.366125
-1.988419,1.771891,1.141264,0.329095
3.016100,2.304681,1.653679,0.411042
-0.260371,-2.424656,4.651923,1.567544
